created_utc,title,url,Date
1614393892,GME may have the potential to dictate the course of the entire market. I did some research &amp; analysis.,https://www.reddit.com/r/wallstreetbets/comments/lteecj/gme_may_have_the_potential_to_dictate_the_course/,2021-02-27 02:44:52
1614346424,(2/26) Friday's Pre-Market Stock Movers &amp; News,https://www.reddit.com/r/wallstreetbets/comments/lsxrrn/226_fridays_premarket_stock_movers_news/,2021-02-26 13:33:44
1614277744,"Could GME$ be the new Dow Jones,S&amp;P 500 and NASDAQ",https://www.reddit.com/r/wallstreetbets/comments/lsd9xq/could_gme_be_the_new_dow_jonessp_500_and_nasdaq/,2021-02-25 18:29:04
1614268086,"They say ‚ÄúGMC, AMC, GameStop!‚Äù I say... ‚ÄúDow Jones and Nas‚Äù",https://v.redd.it/jl46bd99anj61,2021-02-25 15:48:06
1614215894,Catching back up to the DOW Jones,https://www.reddit.com/r/wallstreetbets/comments/lrt8fb/catching_back_up_to_the_dow_jones/,2021-02-25 01:18:14
1614212957,Dow Jones (US30),https://www.reddit.com/r/wallstreetbets/comments/lrrme1/dow_jones_us30/,2021-02-25 00:29:17
1614211119,"Dow Jones newswire mentions DFV, claims only 39% short interest in GME",https://i.redd.it/vy1bqnewkij61.jpg,2021-02-24 23:58:39
1614192263,Relief Package and Implications for Stock Market,https://www.reddit.com/r/wallstreetbets/comments/lrk5el/relief_package_and_implications_for_stock_market/,2021-02-24 18:44:23
1614088852,(2/23) Tuesday's Pre-Market Stock Movers &amp; News,https://www.reddit.com/r/wallstreetbets/comments/lqj1wm/223_tuesdays_premarket_stock_movers_news/,2021-02-23 14:00:52
1614049755,$2900 profit in 7 days from $5k deposit trading Dow jones only,https://www.reddit.com/r/wallstreetbets/comments/lq7mrk/2900_profit_in_7_days_from_5k_deposit_trading_dow/,2021-02-23 03:09:15
1614008844,Dow Jones Newswires gets it right with headline,https://www.reddit.com/gallery/lprjz9,2021-02-22 15:47:24
1613998468,GameStop Craze Puts Holders of Retail ETF on Wild Ride,https://www.reddit.com/r/wallstreetbets/comments/lpnbt9/gamestop_craze_puts_holders_of_retail_etf_on_wild/,2021-02-22 12:54:28
1613654518,(2/18) Thursday's Pre-Market Stock Movers &amp; News,https://www.reddit.com/r/wallstreetbets/comments/lmmnu7/218_thursdays_premarket_stock_movers_news/,2021-02-18 13:21:58
1613402314,Blame the state lottery because I lost the mortgage money buying scratch tickets...,https://www.reddit.com/r/wallstreetbets/comments/lkfofc/blame_the_state_lottery_because_i_lost_the/,2021-02-15 15:18:34
1613203976,Analysis of the DJ average growth and the sub prime mortgage crisis of 2008 and how the current market isn't overvalued.üñïüåàüêª,https://www.reddit.com/r/wallstreetbets/comments/liwhdb/analysis_of_the_dj_average_growth_and_the_sub/,2021-02-13 08:12:56
1613182986,Will Dow Jones hit 32k first or 31k next week ?,https://www.reddit.com/r/wallstreetbets/comments/lir1ty/will_dow_jones_hit_32k_first_or_31k_next_week/,2021-02-13 02:23:06
1613136398,(2/12) Friday's Pre-Market Stock Movers &amp; News,https://www.reddit.com/r/wallstreetbets/comments/liazjl/212_fridays_premarket_stock_movers_news/,2021-02-12 13:26:38
1613130481,Dow Jones shap fall between 10.15 to 10.45,https://www.reddit.com/r/wallstreetbets/comments/li9hky/dow_jones_shap_fall_between_1015_to_1045/,2021-02-12 11:48:01
1613076029,Dow Jones wants to hire WSB Mods,https://i.redd.it/6hfped4ptwg61.jpg,2021-02-11 20:40:29
1613037097,Thoughts on $CME - potentially undervalued?,https://www.reddit.com/r/wallstreetbets/comments/lhhgyf/thoughts_on_cme_potentially_undervalued/,2021-02-11 09:51:37
1612970775,Dow Jones opens at record levels ahead of Jerome Powell talk,https://www.reddit.com/r/wallstreetbets/comments/lgvz19/dow_jones_opens_at_record_levels_ahead_of_jerome/,2021-02-10 15:26:15
1612970326,Dow Jones (US30) Trading,https://www.reddit.com/r/wallstreetbets/comments/lgvt8s/dow_jones_us30_trading/,2021-02-10 15:18:46
1612964757,(2/10) Wednesday's Pre-Market Stock Movers &amp; News,https://www.reddit.com/r/wallstreetbets/comments/lgtxei/210_wednesdays_premarket_stock_movers_news/,2021-02-10 13:45:57
1612879818,(2/9) Tuesday's Pre-Market Stock Movers &amp; News,https://www.reddit.com/r/wallstreetbets/comments/lg438t/29_tuesdays_premarket_stock_movers_news/,2021-02-09 14:10:18
1612804941,Live streaming my morning 8:00AM GMT and 2:30PM GMT Dax and Dow Jones,https://www.reddit.com/r/wallstreetbets/comments/lfgpot/live_streaming_my_morning_800am_gmt_and_230pm_gmt/,2021-02-08 17:22:21
1612418171,"314.11M Volume on Dow Jones on 2/01, any ideas as to why it's the largest volume in DJI History?",https://www.reddit.com/r/wallstreetbets/comments/lc908r/31411m_volume_on_dow_jones_on_201_any_ideas_as_to/,2021-02-04 05:56:11
1612374567,Probability of Ryan Cohen buying 7% of GME,https://www.reddit.com/r/wallstreetbets/comments/lbte8n/probability_of_ryan_cohen_buying_7_of_gme/,2021-02-03 17:49:27
1612345719,DOW JONES releases GME Short interest as of 3P ET 2/2/2021 is 94.8%,https://i.redd.it/6deqm2fyh8f61.png,2021-02-03 09:48:39
1612303727,"Not an autist, just a retard, but seems as if Dow Jones reporting short interest in GME at 94.8% today",https://i.redd.it/877pwha415f61.jpg,2021-02-02 22:08:47
1612300876,"For the new Apes READ this, if you're illiterate, scroll down to read my sign language",https://www.reddit.com/r/wallstreetbets/comments/lb6rha/for_the_new_apes_read_this_if_youre_illiterate/,2021-02-02 21:21:16
1612300876,"For the new Apes READ this, if you're illiterate, scroll down to read my sign language",https://www.reddit.com/r/wallstreetbets/comments/lb6rg9/for_the_new_apes_read_this_if_youre_illiterate/,2021-02-02 21:21:16
1612299157,"When Dow Jones rises GME and AMC falls, when GME rises Dow Jones falls. The only reason is they want u selling! If we give up now we will lose , if we hold on we will have chance to win . GME to the moon !!!",https://www.reddit.com/r/wallstreetbets/comments/lb63up/when_dow_jones_rises_gme_and_amc_falls_when_gme/,2021-02-02 20:52:37
1612289243,LOVING the lil dow jones editor's pick cherry picking sentences from mcuban's ama replies to make it seem like he is casting doubt over this hold. how stupid do these people think we are,https://i.redd.it/egrvi386u3f61.jpg,2021-02-02 18:07:23
1612266121,Forex Dow jones,https://www.reddit.com/r/wallstreetbets/comments/latpv0/forex_dow_jones/,2021-02-02 11:42:01
1612237842,"No, Dow Jones article, GME is my only interest. I like the stock",https://i.redd.it/i3pkc62clze61.jpg,2021-02-02 03:50:42
1612220704,What‚Äôs happening to GME?,https://www.reddit.com/r/wallstreetbets/comments/lagzcz/whats_happening_to_gme/,2021-02-01 23:05:04
1612218955,What‚Äôs Happened the Past Few Days?: The Anatomy of a Short Ladder Attack,https://www.reddit.com/r/wallstreetbets/comments/lagb9e/whats_happened_the_past_few_days_the_anatomy_of_a/,2021-02-01 22:35:55
1612218565,"TD ""news"" alert on AMC stock Ticker (clear misinformation tactics)",https://www.reddit.com/r/wallstreetbets/comments/lag5ap/td_news_alert_on_amc_stock_ticker_clear/,2021-02-01 22:29:25
1612212084,New Reports That Half of GME short positions eliminated to day via Dow Jones Newswires.,https://www.reddit.com/r/wallstreetbets/comments/ladiax/new_reports_that_half_of_gme_short_positions/,2021-02-01 20:41:24
1612184950,Stock Market News for Today | Is the Short Squeeze Over? NIO &amp; other Stock Market News [02-01]üöÄüöÄüöÄ,https://www.reddit.com/r/wallstreetbets/comments/la2oov/stock_market_news_for_today_is_the_short_squeeze/,2021-02-01 13:09:10
1612179105,Is the GME short squeeze responsible for dow Jones S&amp;P 500 and NYSE losing value ?,https://www.reddit.com/r/wallstreetbets/comments/la13vy/is_the_gme_short_squeeze_responsible_for_dow/,2021-02-01 11:31:45
1612163878,Dow Jones? More like Down Jones üìâ üòÑ,https://www.reddit.com/r/wallstreetbets/comments/l9xiap/dow_jones_more_like_down_jones/,2021-02-01 07:17:58
1612161912,On the 1st February for 15 out of 18 years the Dow Jones raised - today is going to be a very different day. üòÖ,https://i.redd.it/khtw97qjbte61.jpg,2021-02-01 06:45:12
1612138491,Buy Dow Jones 30,https://www.reddit.com/r/wallstreetbets/comments/l9py6x/buy_dow_jones_30/,2021-02-01 00:14:51
1612093760,Important! GME Short attack tactics predicted in 2014! All the tactics used in the recent week by hedge funds revealed and explained,https://www.reddit.com/r/wallstreetbets/comments/l9auf5/important_gme_short_attack_tactics_predicted_in/,2021-01-31 11:49:20
1612033515,"Dow Jones Futures: What's Next For Stock Market Rally ‚Äî And What Should You Do? GME Stock, Nio In Focus",https://finance.yahoo.com/m/a670d024-7d05-3d8c-914a-7beeaea77c7f/dow-jones-futures%3A-what%27s.html?src=A00220&amp;yptr=yahoo,2021-01-30 19:05:15
1612023646,A Letter for Monday degenerates! Gamestock is the FIRST SOCIAL INDEX STOCK IN HISTORY!!!! WE CAN BE THE DOW JONES INDEX OF THE LITTLE GUY!! HOLD!!!!DIAMOND HANDS!!!!,https://www.reddit.com/r/wallstreetbets/comments/l8p2bf/a_letter_for_monday_degenerates_gamestock_is_the/,2021-01-30 16:20:46
1611987566,"Dow Jones News' Jason Zweig talking sense. TL;DR ""The retards' activities haven't affected the market as a whole""",https://content.seleritycorp.com/hosted2/assets/www/ecRx2N12BcIp4QGYlkBHLTBAwIW6MdRJf42EpDlLl7A,2021-01-30 06:19:26
1611971081,Long Term Market Implications Due To Current Conditions,https://www.reddit.com/r/wallstreetbets/comments/l8ao3x/long_term_market_implications_due_to_current/,2021-01-30 01:44:41
1611968501,Why Did Robinhood Stop GameStop Trading? Everything to Know. - Barrons.com,https://www.reddit.com/r/wallstreetbets/comments/l89sf0/why_did_robinhood_stop_gamestop_trading/,2021-01-30 01:01:41
1611968114,How Clearing Demands Helped Ground the WallStreetBets Stocks - WSJ article from Robinhood,https://www.reddit.com/r/wallstreetbets/comments/l89ndw/how_clearing_demands_helped_ground_the/,2021-01-30 00:55:14
1611962856,"Dow drops more than 600 points Friday, worst week since October. Looks like a hedge had to sell their stocks to cover the fat losses! LOL! What the fuck is a DOW JONES? I like GME!!! üíéüôåüèºüöÄüöÄüöÄ",https://www.reddit.com/r/wallstreetbets/comments/l87q0p/dow_drops_more_than_600_points_friday_worst_week/,2021-01-29 23:27:36
1611950385,EVERYONE NEEDS TO READ THIS,https://www.reddit.com/r/wallstreetbets/comments/l82gnv/everyone_needs_to_read_this/,2021-01-29 19:59:45
1611937053,GME &amp; BlackBerry &amp; Dow Jones (highs and lows for Jan 29th) (graph analysis) üöÄüöÄüöÄüåô,https://www.reddit.com/r/wallstreetbets/comments/l7wkwb/gme_blackberry_dow_jones_highs_and_lows_for_jan/,2021-01-29 16:17:33
1611936667,"GME &amp; BB &amp; Dow Jones (graph analysis, highs and lows, for today Jan 28th) üöÄüöÄüöÄüåô",https://www.reddit.com/r/wallstreetbets/comments/l7wez3/gme_bb_dow_jones_graph_analysis_highs_and_lows/,2021-01-29 16:11:07
1611936334,Dow Jones Likes Stonks,https://www.reddit.com/r/wallstreetbets/comments/l7w9sm/dow_jones_likes_stonks/,2021-01-29 16:05:34
1611936231,DFV talks to the Wall Street Journal,https://www.reddit.com/r/wallstreetbets/comments/l7w856/dfv_talks_to_the_wall_street_journal/,2021-01-29 16:03:51
1611929813,"10 Popular Hedge Fund Shorts That Could Get Squeezed Next - AMD, ADI, CMG, DUK, GME - Dow Jones Newswire - Marketwatch",https://www.reddit.com/r/wallstreetbets/comments/l7tkfo/10_popular_hedge_fund_shorts_that_could_get/,2021-01-29 14:16:53
1611928930,1/29 Friday Stock Market Movers &amp; News,https://www.reddit.com/r/wallstreetbets/comments/l7t8lj/129_friday_stock_market_movers_news/,2021-01-29 14:02:10
1611926125,"Let's have a War - F.E.A.R. ""Shake up the Dow Jones """,https://youtu.be/l1HhblSEXoc,2021-01-29 13:15:25
1611923236,Stock Market News for Today | GM / SQ / UBER | The Short Squeeze &amp; other Stock Market News [01-29],https://www.reddit.com/r/wallstreetbets/comments/l7rb4k/stock_market_news_for_today_gm_sq_uber_the_short/,2021-01-29 12:27:16
1611892531,IT'S MR DOW JONES,https://i.redd.it/7ysb9mvj27e61.jpg,2021-01-29 03:55:31
1611865855,Lets short the dow jones and make them all feel the pain! Lets buy SDOW !,https://www.reddit.com/r/wallstreetbets/comments/l77v89/lets_short_the_dow_jones_and_make_them_all_feel/,2021-01-28 20:30:55
1611852518,Ladder Selling Explained,https://www.reddit.com/r/wallstreetbets/comments/l71yxn/ladder_selling_explained/,2021-01-28 16:48:38
1611849168,GameStop-Heavy ETF Shrinks Sharply Amid Redemptions -- Barrons.com,https://www.reddit.com/r/wallstreetbets/comments/l70drl/gamestopheavy_etf_shrinks_sharply_amid/,2021-01-28 15:52:48
1611846258,You brilliant bastards,https://www.reddit.com/r/wallstreetbets/comments/l6yzby/you_brilliant_bastards/,2021-01-28 15:04:18
1611844392,Already seeing articles implying the WSB forum as market manipulators and ignoring the hedge funds/BDs illegal shorting and market manipulation.,https://www.reddit.com/r/wallstreetbets/comments/l6y392/already_seeing_articles_implying_the_wsb_forum_as/,2021-01-28 14:33:12
1611840344,SEC Manipulation Rules and GameStop,https://www.reddit.com/r/wallstreetbets/comments/l6wi4y/sec_manipulation_rules_and_gamestop/,2021-01-28 13:25:44
1611839807,Need explanation,https://www.reddit.com/r/wallstreetbets/comments/l6wbco/need_explanation/,2021-01-28 13:16:47
1611839489,Stock Market News for Today | The Next Stock Market Crash or Buying Opportunity?! AAPL / TSLA [01-28],https://www.reddit.com/r/wallstreetbets/comments/l6w7e1/stock_market_news_for_today_the_next_stock_market/,2021-01-28 13:11:29
1611839334,Stock Market News for Today | The Next Stock Market Crash or Buying Opportunity?! AAPL / TSLA [01-28],https://www.reddit.com/r/wallstreetbets/comments/l6w5mw/stock_market_news_for_today_the_next_stock_market/,2021-01-28 13:08:54
1611837872,We should raise GME price target to when it makes the Dow Jones 30,https://www.reddit.com/r/wallstreetbets/comments/l6vp5c/we_should_raise_gme_price_target_to_when_it_makes/,2021-01-28 12:44:32
1611827123,Dow Jones buy ?,https://www.reddit.com/r/wallstreetbets/comments/l6swmj/dow_jones_buy/,2021-01-28 09:45:23
1611802291,Dow Jones Newswires 01-27-21 1742ET,https://i.redd.it/rvjiwcz7mzd61.jpg,2021-01-28 02:51:31
1611782196,Dow Jones News trying to explain wallstreetbets terminology,https://content.seleritycorp.com/hosted2/assets/www/tE_2kjxzj3rZEq3lBVld0CeI-tRaTzyBmR6xm3l0LwE,2021-01-27 21:16:36
1611782119,"Dow Jones tumbles and suffers it's worst decline since late October of last year, and is on pace for it's longest losing streak since last February.",https://www.reddit.com/r/wallstreetbets/comments/l6ek7s/dow_jones_tumbles_and_suffers_its_worst_decline/,2021-01-27 21:15:19
1611768964,DJ Reddit Says It Will Cooperate With Law Enforcement If Necessary AMC GME,https://www.reddit.com/r/wallstreetbets/comments/l69vgl/dj_reddit_says_it_will_cooperate_with_law/,2021-01-27 17:36:04
1611761005,GameStop stock price target raised to $10 from $1.60 at BofA Securities (MarketWatch) -- (END) Dow Jones Newswires,https://www.barrons.com/articles/gamestop-insiders-sold-stock-before-it-went-vertical-51611760507,2021-01-27 15:23:25
1611760908,GameStop Price Target,https://www.reddit.com/r/wallstreetbets/comments/l66o9b/gamestop_price_target/,2021-01-27 15:21:48
1611666790,Stock Market News for Today [01-26],https://www.reddit.com/r/wallstreetbets/comments/l5dqao/stock_market_news_for_today_0126/,2021-01-26 13:13:10
1611604638,We are under attack by the traditional financial media and it's obvious!,https://www.reddit.com/r/wallstreetbets/comments/l4w0so/we_are_under_attack_by_the_traditional_financial/,2021-01-25 19:57:18
1611604549,We are under attack by the traditional financial media and it's obvious!,https://www.reddit.com/r/wallstreetbets/comments/l4vzmm/we_are_under_attack_by_the_traditional_financial/,2021-01-25 19:55:49
1611600239,Not a good day to be a boomer who invests in DOW Jones,https://www.reddit.com/r/wallstreetbets/comments/l4udfw/not_a_good_day_to_be_a_boomer_who_invests_in_dow/,2021-01-25 18:43:59
1611580730,Mars enters within 30 degrees of the lunar node on Feb 9. Hypothetically the market should begin to drop when that happens,https://www.reddit.com/r/wallstreetbets/comments/l4nowf/mars_enters_within_30_degrees_of_the_lunar_node/,2021-01-25 13:18:50
1611579394,Stock Market News for Today | PLTR / GM / AAPL / TSLA / FB / MSFT &amp; Other Stock Market News [01-25],https://www.reddit.com/r/wallstreetbets/comments/l4nbuw/stock_market_news_for_today_pltr_gm_aapl_tsla_fb/,2021-01-25 12:56:34
1611579305,Stock Market News for Today | PLTR / GM / AAPL / TSLA / FB / MSFT &amp; Other Stock Market News [01-25],https://www.reddit.com/r/wallstreetbets/comments/l4nb2w/stock_market_news_for_today_pltr_gm_aapl_tsla_fb/,2021-01-25 12:55:05
1611447196,"The $BECKY inspired $CUNT index vs the S&amp;P and Dow Jones (Chewy, Nordstrom, Ulta, Target)",https://i.redd.it/40ebqk61a6d61.png,2021-01-24 00:13:16
1611355707,GME: WSB vs Andrew Left,https://www.reddit.com/r/wallstreetbets/comments/l2z4gw/gme_wsb_vs_andrew_left/,2021-01-22 22:48:27
1611322196,How luck plays an important role in the stock market (GME and others),https://www.reddit.com/r/wallstreetbets/comments/l2nqva/how_luck_plays_an_important_role_in_the_stock/,2021-01-22 13:29:56
1611303749,"Stock Market News for Today | Intel [INTC], Tesla [TSLA] &amp; Other Stock Market News [01-22]",https://www.reddit.com/r/wallstreetbets/comments/l2jdle/stock_market_news_for_today_intel_intc_tesla_tsla/,2021-01-22 08:22:29
1611249942,Jack Ma Returns,https://www.reddit.com/r/wallstreetbets/comments/l23285/jack_ma_returns/,2021-01-21 17:25:42
1611233164,"Stock Market News for Today | GM, NetFlix [NFLX], Alibaba [BABA] &amp; Other Stock Market News [01-21]",https://www.reddit.com/r/wallstreetbets/comments/l1xrov/stock_market_news_for_today_gm_netflix_nflx/,2021-01-21 12:46:04
1611122687,Even the big dogs see the short squeeze. They're just trying to scare us to sell GME,https://www.reddit.com/r/wallstreetbets/comments/l136ks/even_the_big_dogs_see_the_short_squeeze_theyre/,2021-01-20 06:04:47
1611110832,Push harder? GME,https://www.reddit.com/r/wallstreetbets/comments/l0zxmu/push_harder_gme/,2021-01-20 02:47:12
1610656726,GME Gang - Made the Dow Jones News Wire on TOS,https://www.reddit.com/r/wallstreetbets/comments/kxe8br/gme_gang_made_the_dow_jones_news_wire_on_tos/,2021-01-14 20:38:46
1610656504,GME - We made the Dow Jones Newswires on TOS,https://www.reddit.com/r/wallstreetbets/comments/kxe5lj/gme_we_made_the_dow_jones_newswires_on_tos/,2021-01-14 20:35:04
1610637070,Dow Jones Micro-Cap Index,https://www.reddit.com/r/wallstreetbets/comments/kx7gg8/dow_jones_microcap_index/,2021-01-14 15:11:10
1610628841,"Stock Market News for Today | GME Squeeze | BABA, INTC, TGT, AFRM &amp; other Stock Market News [01-14]",https://www.reddit.com/r/wallstreetbets/comments/kx52ui/stock_market_news_for_today_gme_squeeze_baba_intc/,2021-01-14 12:54:01
1610570838,üöÄüöÄüöÄüöÄüöÄGME Squeeze hasn't even Happened yetüöÄüöÄüöÄüöÄüöÄ,https://www.reddit.com/r/wallstreetbets/comments/kwpilt/gme_squeeze_hasnt_even_happened_yet/,2021-01-13 20:47:18
1610570564,$GME Gang - THERE HASN'T BEEN A SHORT SQUEEZE (yet) - Ihor Dusaniwsky,https://www.reddit.com/r/wallstreetbets/comments/kwpf6k/gme_gang_there_hasnt_been_a_short_squeeze_yet/,2021-01-13 20:42:44
1610545864,"Today's Pre-Market Movers &amp; News [Wednesday, January 13th, 2021]",https://www.reddit.com/r/wallstreetbets/comments/kwgsc7/todays_premarket_movers_news_wednesday_january/,2021-01-13 13:51:04
1610542449,Stock Market News for Today | PLUG Power &amp; GM | TSLA vs AAPL| AFRM &amp; other Stock Market News [01-13],https://www.reddit.com/r/wallstreetbets/comments/kwfv18/stock_market_news_for_today_plug_power_gm_tsla_vs/,2021-01-13 12:54:09
1610481745,Short Alert: Trump planning on banning Americans from investing in BABA on way out,https://www.reddit.com/r/wallstreetbets/comments/kvzet8/short_alert_trump_planning_on_banning_americans/,2021-01-12 20:02:25
1610456237,"Stock Market News for Today |LMND, NIO, WMT, JNJ, AFRM IPO &amp; other Stock Market News [01-12]",https://www.reddit.com/r/wallstreetbets/comments/kvr5rk/stock_market_news_for_today_lmnd_nio_wmt_jnj_afrm/,2021-01-12 12:57:17
1610382402,Tesla to be added to DJIA soon,https://www.reddit.com/r/wallstreetbets/comments/kv60pn/tesla_to_be_added_to_djia_soon/,2021-01-11 16:26:42
1610369851,"Stock Market News for Today | NIO Stock News | DKNG, PENN &amp; other Stock Market News [01-11]",https://www.reddit.com/r/wallstreetbets/comments/kv24ap/stock_market_news_for_today_nio_stock_news_dkng/,2021-01-11 12:57:31
1610138590,How to play the market right now,https://www.reddit.com/r/wallstreetbets/comments/ktbb0d/how_to_play_the_market_right_now/,2021-01-08 20:43:10
1610113222,"Today's Pre-Market Movers &amp; News [Friday, January 8th, 2021]",https://www.reddit.com/r/wallstreetbets/comments/kt2mhk/todays_premarket_movers_news_friday_january_8th/,2021-01-08 13:40:22
1610111919,Stock Market News for Today | TSLA vs FB | LMND SPIKES | APPLE CAR &amp; other stock market news [01-08],https://www.reddit.com/r/wallstreetbets/comments/kt2a38/stock_market_news_for_today_tsla_vs_fb_lmnd/,2021-01-08 13:18:39
1610026388,"Today's Pre-Market Movers &amp; News [Thursday, January 7th, 2021]",https://www.reddit.com/r/wallstreetbets/comments/ksdc2n/todays_premarket_movers_news_thursday_january_7th/,2021-01-07 13:33:08
1610024631,"Stock Market News for Today | RUN, ENPH, TLRY, ACB, NIO, ROKU, CAT, F &amp; Other Stock News [01-07]",https://www.reddit.com/r/wallstreetbets/comments/kscunh/stock_market_news_for_today_run_enph_tlry_acb_nio/,2021-01-07 13:03:51
1610024448,"Stock Market News for Today | RUN, ENPH, TLRY, ACB, NIO, ROKU, CAT, F &amp; Other Stock News [01-07]",https://www.reddit.com/r/wallstreetbets/comments/kscsui/stock_market_news_for_today_run_enph_tlry_acb_nio/,2021-01-07 13:00:48
1609943070,"Private payrolls declined by 123,000 in December vs. the Dow Jones estimate for a gain of 60,000.",https://www.cnbc.com/2021/01/06/private-payrolls-decrease-123000-in-december-vs-estimate-for-a-60000-gain-adp-reports.html,2021-01-06 14:24:30
1609939777,Stock Market News for Today | BABA | GM &amp; Other Stock Market News [01-06],https://www.reddit.com/r/wallstreetbets/comments/krnvkz/stock_market_news_for_today_baba_gm_other_stock/,2021-01-06 13:29:37
1609870167,"When Dow Jones is calling, you better pick up",https://i.redd.it/9ime3su01k961.jpg,2021-01-05 18:09:27
1609854308,Stock Market News for Today | Start of the next crash? BILI | QS &amp; Other Stock Market News [01-05],https://www.reddit.com/r/wallstreetbets/comments/kqypyp/stock_market_news_for_today_start_of_the_next/,2021-01-05 13:45:08
1609765891,"Stock Market News for Today | TSLA, NIO, LMND, FUBO, ROKU &amp; Other Stock Market News [01-04]",https://www.reddit.com/r/wallstreetbets/comments/kq8hac/stock_market_news_for_today_tsla_nio_lmnd_fubo/,2021-01-04 13:11:31
1609423054,"Stock Market News for Today | LMT, AAPL, ACB, TLRY, FUBO, ARKK &amp; other stock market news",https://www.reddit.com/r/wallstreetbets/comments/knqfeb/stock_market_news_for_today_lmt_aapl_acb_tlry/,2020-12-31 13:57:34
1609335650,"Stock Market News for Today | INTC, PTON, AAPL, HD, LULU &amp; other stock market updates [12-30]",https://www.reddit.com/r/wallstreetbets/comments/kn2g7f/stock_market_news_for_today_intc_pton_aapl_hd/,2020-12-30 13:40:50
1609244928,"Stock Market News for Today | Fubo, GM, Tesla, Ford, Lemonade, Nikola, JP Morgan &amp;other news [12-29]",https://www.reddit.com/r/wallstreetbets/comments/kmdirq/stock_market_news_for_today_fubo_gm_tesla_ford/,2020-12-29 12:28:48
1609157897,Quick Stock Market News for Today | SP500 / NASDAQ / DOW JONES / ALIBABA [BABA] | [12-28],https://www.reddit.com/r/wallstreetbets/comments/klpjd4/quick_stock_market_news_for_today_sp500_nasdaq/,2020-12-28 12:18:17
1608814532,"Nikola Stock Crash | Alibaba Stock Plunges | FCEL, DKNG &amp; PENN | Stock Market News for Today [12-24]",https://www.reddit.com/r/wallstreetbets/comments/kjezv5/nikola_stock_crash_alibaba_stock_plunges_fcel/,2020-12-24 12:55:32
1608744110,"Buy Corning Shares Because Glass Supplies Are Tightening, Citi Says -- Barrons.com",https://www.reddit.com/r/wallstreetbets/comments/kix4oo/buy_corning_shares_because_glass_supplies_are/,2020-12-23 17:21:50
1608730678,Will Trump Veto the Stimulus? | Direct IPOs | MRNA &amp; BA | Stock Market News for Today [12-23],https://www.reddit.com/r/wallstreetbets/comments/kit85b/will_trump_veto_the_stimulus_direct_ipos_mrna_ba/,2020-12-23 13:37:58
1608680021,Tesla: Not an Automatic Addition to the S&amp;P 500 ESG Index ‚Äì S&amp;P Dow Jones Indices,https://www.indexologyblog.com/2020/12/22/tesla-not-an-automatic-addition-to-the-sp-500-esg-index/,2020-12-22 23:33:41
1608642852,Stimulus Deal Reached | Apple coming for Tesla? | CarMax Earnings | Stock Market News [12-22],https://www.reddit.com/r/wallstreetbets/comments/ki53t3/stimulus_deal_reached_apple_coming_for_tesla/,2020-12-22 13:14:12
1608556539,Tesla Joins SP500 | Nike Blowout Earnings |Stimulus Deal News| Stock Market News- Crash Today? [12-21],https://www.reddit.com/r/wallstreetbets/comments/khh70q/tesla_joins_sp500_nike_blowout_earnings_stimulus/,2020-12-21 13:15:39
1608060703,BBBY to $50/share?,https://www.reddit.com/r/wallstreetbets/comments/kdskto/bbby_to_50share/,2020-12-15 19:31:43
1608044069,Dow Jones 110.000 +256% according to Europoor's brokers lmao,https://i.redd.it/exi9tf6x6d561.png,2020-12-15 14:54:29
1608039287,Quadruple Witching Stock Day | DASH &amp; ABNB Crash | Apple Stock | Stock Market News Today [12-15],https://www.reddit.com/r/wallstreetbets/comments/kdltgl/quadruple_witching_stock_day_dash_abnb_crash/,2020-12-15 13:34:47
1607694064,Dow Jones selloff has begun,https://i.redd.it/k4afmdb8ak461.png,2020-12-11 13:41:04
1607689858,The Hound of Hounslow (How an Autist Broke the Market),https://www.reddit.com/r/wallstreetbets/comments/kb1vz9/the_hound_of_hounslow_how_an_autist_broke_the/,2020-12-11 12:30:58
1607606634,"Selling DoorDash after IPO? | AirBNB IPO NEXT | LULU, ADBE, COST, PLAY STOCK EARNINGS | STOCK MARKET NEWS [12-10]",https://www.reddit.com/r/wallstreetbets/comments/kaf70e/selling_doordash_after_ipo_airbnb_ipo_next_lulu/,2020-12-10 13:23:54
1607606538,"Selling DoorDash after IPO? | AirBNB IPO NEXT | LULU, ADBE, COST, PLAY STOCK EARNINGS | STOCK MARKET NEWS [12-09]",https://www.reddit.com/r/wallstreetbets/comments/kaf66r/selling_doordash_after_ipo_airbnb_ipo_next_lulu/,2020-12-10 13:22:18
1607520851,AirBNB &amp; DoorDash IPOs | CHEWY &amp; GameStop EARNINGS | APPLE news| STOCK MARKET NEWS [12-09],https://www.reddit.com/r/wallstreetbets/comments/k9rweq/airbnb_doordash_ipos_chewy_gamestop_earnings/,2020-12-09 13:34:11
1607443834,Why stock market investors predict gains in 2021 | TESLA sells $5B in shares | Stock market news [12-08],https://www.reddit.com/r/wallstreetbets/comments/k96zr8/why_stock_market_investors_predict_gains_in_2021/,2020-12-08 16:10:34
1607437812,TESLA sell $5B in shares | Stock market news | Why stock market investors predict gains in 2021 |[12-08],https://www.reddit.com/r/wallstreetbets/comments/k954t1/tesla_sell_5b_in_shares_stock_market_news_why/,2020-12-08 14:30:12
1607429932,"If you traded this micro Dow Jones algorithm since last November 2019, you would be around +18% instead of -10%. If you didn't use the algorithm at all, you'd only be +8%",https://www.reddit.com/r/wallstreetbets/comments/k937nr/if_you_traded_this_micro_dow_jones_algorithm/,2020-12-08 12:18:52
1607353613,A hypothesis that the Federal Reserve can set interest rates based on the movements of the planet Mars,https://www.reddit.com/r/wallstreetbets/comments/k8i8lw/a_hypothesis_that_the_federal_reserve_can_set/,2020-12-07 15:06:53
1607135241,ATH Party post! SPY and the Dow Jones at ALL TIME MOTHERFUCKING HIGHS FAM!,https://www.reddit.com/r/wallstreetbets/comments/k6z8bo/ath_party_post_spy_and_the_dow_jones_at_all_time/,2020-12-05 02:27:21
1607134619,"Listen retards, CRM should be your major easy-money move next week (fool-proof instructions inside)",https://www.reddit.com/r/wallstreetbets/comments/k6z2fs/listen_retards_crm_should_be_your_major_easymoney/,2020-12-05 02:16:59
1607002599,CROWDSTRIKE |OKTA | SNOWFLAKE |CHINA STOCKS ON THE WATCH| FAANG STOCKS &amp; STOCK MARKET NEWS [12-03],https://www.reddit.com/r/wallstreetbets/comments/k5xbdq/crowdstrike_okta_snowflake_china_stocks_on_the/,2020-12-03 13:36:39
1606862771,"Get your puts ready, who voted him back in?",https://www.reddit.com/r/wallstreetbets/comments/k4w4uu/get_your_puts_ready_who_voted_him_back_in/,2020-12-01 22:46:11
1606778024,TSLA to be added to S&amp;P ALL at once on 12/21/20,https://www.reddit.com/r/wallstreetbets/comments/k47vn0/tsla_to_be_added_to_sp_all_at_once_on_122120/,2020-11-30 23:13:44
1606775729,TSLA S&amp;P News,https://www.reddit.com/r/wallstreetbets/comments/k473l8/tsla_sp_news/,2020-11-30 22:35:29
1606577439,"Wall Street Week Ahead for the trading week beginning November 30th, 2020",https://www.reddit.com/r/wallstreetbets/comments/k2pj9d/wall_street_week_ahead_for_the_trading_week/,2020-11-28 15:30:39
1606338865,"The Stock Market Keeps Rising, but Millennials Aren‚Äôt Reaping the Benefits",https://www.reddit.com/r/wallstreetbets/comments/k111ss/the_stock_market_keeps_rising_but_millennials/,2020-11-25 21:14:25
1606333503,PSA: Market closed on 11/26 and closes early 11/27,https://www.reddit.com/r/wallstreetbets/comments/k0zc65/psa_market_closed_on_1126_and_closes_early_1127/,2020-11-25 19:45:03
1606267112,"Stock Market News ‚Äì Dow Jones Industrial Average Hits 30000, Buy Assets Not Liabilities (11/24/20)",https://www.reddit.com/r/wallstreetbets/comments/k0i7dz/stock_market_news_dow_jones_industrial_average/,2020-11-25 01:18:32
1606266057,"Stock Market News - Dow Jones Industrial Average Hits 30000, Buy Assets Not Liabilities (11/24/20)",https://www.reddit.com/r/wallstreetbets/comments/k0hx9h/stock_market_news_dow_jones_industrial_average/,2020-11-25 01:00:57
1605746443,RED DAY tomorrow üî¥ Unemployment report √ó all stocks go down especially those who peaked a lot today. Tsla? Dow jones stocks!,https://www.reddit.com/r/wallstreetbets/comments/jwsdvu/red_day_tomorrow_unemployment_report_all_stocks/,2020-11-19 00:40:43
1605626169,TSLA: Points to consider,https://www.reddit.com/r/wallstreetbets/comments/jvupe8/tsla_points_to_consider/,2020-11-17 15:16:09
1605571150,The case for $XOM - Texas tea is back on the menu.,https://www.reddit.com/r/wallstreetbets/comments/jvicfr/the_case_for_xom_texas_tea_is_back_on_the_menu/,2020-11-16 23:59:10
1605536136,A hypothesis that the Federal Reserve can set interest rates based on the movements of the planet Mars. Here I have data going back to 1896,https://www.reddit.com/r/wallstreetbets/comments/jv7fn8/a_hypothesis_that_the_federal_reserve_can_set/,2020-11-16 14:15:36
1605109900,"NIO, XPEV, and LI Report Earnings Soon. Here's What to Expect.",https://www.reddit.com/r/wallstreetbets/comments/jsaj8o/nio_xpev_and_li_report_earnings_soon_heres_what/,2020-11-11 15:51:40
1605105344,A lil morning coffee,https://www.reddit.com/r/wallstreetbets/comments/js96vk/a_lil_morning_coffee/,2020-11-11 14:35:44
1605021747,QQQ looking weak compared to S&amp;P. Dow Jones looks best of the 3. Is this the real rotation out of tech?,https://www.reddit.com/gallery/jrmszs,2020-11-10 15:22:27
1604706725,Volatility is Coming Back: How Election News is Overshadowing Potential Market Turmoil,https://www.reddit.com/r/wallstreetbets/comments/jpgd94/volatility_is_coming_back_how_election_news_is/,2020-11-06 23:52:05
1603911565,"Happy ""Black Monday 1929"" anniversary",https://www.reddit.com/r/wallstreetbets/comments/jjtz56/happy_black_monday_1929_anniversary/,2020-10-28 18:59:25
1603900099,ITS OVER... TENDIES GONE,https://www.reddit.com/r/wallstreetbets/comments/jjq8e8/its_over_tendies_gone/,2020-10-28 15:48:19
1602982534,Can someone explain margin requirement and margin call,https://www.reddit.com/r/wallstreetbets/comments/jd6vp9/can_someone_explain_margin_requirement_and_margin/,2020-10-18 00:55:34
1602944689,TESLA BATTERY DAY SCHEDULE LEAKED!,https://www.reddit.com/r/wallstreetbets/comments/jcw04e/tesla_battery_day_schedule_leaked/,2020-10-17 14:24:49
1602939265,"Wall Street Week Ahead for the trading week beginning October 19th, 2020",https://www.reddit.com/r/wallstreetbets/comments/jcumcj/wall_street_week_ahead_for_the_trading_week/,2020-10-17 12:54:25
1602880516,Market and Options Summary for Oct-16-2020,https://www.reddit.com/r/wallstreetbets/comments/jchqkk/market_and_options_summary_for_oct162020/,2020-10-16 20:35:16
1602791888,our new ayatollah #Smeading #ModCandidate,https://www.reddit.com/r/wallstreetbets/comments/jbv0s1/our_new_ayatollah_smeading_modcandidate/,2020-10-15 19:58:08
1602595090,My names assfuck mcgriddle and I work in computer and the Dow jones is down ü¶º,https://v.redd.it/e11vju1f4vs51,2020-10-13 13:18:10
1602560806,I &lt;3 Dow Jones,https://v.redd.it/z0vahmqiass51,2020-10-13 03:46:46
1602079151,Infinite S&amp;P 500 gain hack by President Pump (gay bears are fuk),https://www.reddit.com/r/wallstreetbets/comments/j6rbj5/infinite_sp_500_gain_hack_by_president_pump_gay/,2020-10-07 13:59:11
1602026209,...*What's this?,https://www.reddit.com/r/wallstreetbets/comments/j6fvo6/whats_this/,2020-10-06 23:16:49
1602011882,What happened to Dow Jones? Stroke me like a .....,https://www.reddit.com/r/wallstreetbets/comments/j6bini/what_happened_to_dow_jones_stroke_me_like_a/,2020-10-06 19:18:02
1602011160,What happened to Dow Jones?,https://www.reddit.com/r/wallstreetbets/comments/j6baa0/what_happened_to_dow_jones/,2020-10-06 19:06:00
1602010995,Hello autists,https://www.reddit.com/r/wallstreetbets/comments/j6b8dt/hello_autists/,2020-10-06 19:03:15
1601937690,"Market and Options Summary for October 5th, 2020 -",https://www.reddit.com/r/wallstreetbets/comments/j5tln0/market_and_options_summary_for_october_5th_2020/,2020-10-05 22:41:30
1601884882,Where can I find the Dow Jones Industrial Average chart with micro-intervals of seconds (candlestick)?,https://www.reddit.com/r/wallstreetbets/comments/j5fhcy/where_can_i_find_the_dow_jones_industrial_average/,2020-10-05 08:01:22
1601884363,Where can I find the Dow Jones Industrial Average chart with micro-intervals of seconds (candlestick)?,https://www.reddit.com/r/wallstreetbets/comments/j5fedg/where_can_i_find_the_dow_jones_industrial_average/,2020-10-05 07:52:43
1601627515,I wanna go balls deep with some CFD‚Äôs at the open. What‚Äôs the Dow Jones gonna do?,https://www.reddit.com/r/wallstreetbets/comments/j3qx31/i_wanna_go_balls_deep_with_some_cfds_at_the_open/,2020-10-02 08:31:55
1601397525,Possible Impending Collapse of the Market,https://www.reddit.com/r/wallstreetbets/comments/j22uyh/possible_impending_collapse_of_the_market/,2020-09-29 16:38:45
1601381125,Decade‚Äôs Hottest Stocks Reflect Hunger for Anything Tech,https://www.reddit.com/r/wallstreetbets/comments/j1xx77/decades_hottest_stocks_reflect_hunger_for/,2020-09-29 12:05:25
1600819794,"Daily Market and Options Summary for September 22, 2020 -",https://www.reddit.com/r/wallstreetbets/comments/ixziqv/daily_market_and_options_summary_for_september_22/,2020-09-23 00:09:54
1600729707,"Daily Market and Options Summary for September 21, 2020 -",https://www.reddit.com/r/wallstreetbets/comments/ixbloh/daily_market_and_options_summary_for_september_21/,2020-09-21 23:08:27
1600696754,annual Dow Jones returns vs annual Dow Jones returns without days of Mars within 30 degrees of the lunar node,https://www.reddit.com/r/wallstreetbets/comments/ix0xtq/annual_dow_jones_returns_vs_annual_dow_jones/,2020-09-21 13:59:14
1600695553,annual Dow Jones returns vs annual Dow Jones returns without days of Mars within 30 degrees of the lunar node,https://www.reddit.com/r/wallstreetbets/comments/ix0ldo/annual_dow_jones_returns_vs_annual_dow_jones/,2020-09-21 13:39:13
1600695082,year by year comparison (going back to 1897) between the annual Dow Jones returns vs annual Dow Jones returns that leave out the days that the planet Mars was within 30 degrees of the lunar node,https://www.reddit.com/r/wallstreetbets/comments/ix0gfe/year_by_year_comparison_going_back_to_1897/,2020-09-21 13:31:22
1600692444,year by year comparison (going back to 1897) between the annual Dow Jones returns vs annual Dow Jones returns that leave out the days that the planet Mars was within 30 degrees of the lunar node,https://www.reddit.com/r/wallstreetbets/comments/iwzqng/year_by_year_comparison_going_back_to_1897/,2020-09-21 12:47:24
1600691669,year by year comparison (going back to 1897) between the annual Dow Jones returns vs annual Dow Jones returns that leave out the days that the planet Mars was within 30 degrees of the lunar node,https://www.reddit.com/r/wallstreetbets/comments/iwzjaf/year_by_year_comparison_going_back_to_1897/,2020-09-21 12:34:29
1600690849,A hypothesis that the Federal Reserve can set interest rates based on the movements of the planet Mars. Here I have data going back to 1896 that shows how the Dow Jones performed when Mars was within 30 degrees of the lunar node.,https://www.reddit.com/r/wallstreetbets/comments/iwzbrm/a_hypothesis_that_the_federal_reserve_can_set/,2020-09-21 12:20:49
1600517593,Year by year comparison (going back to 1897) between the annual Dow Jones returns vs annual Dow Jones returns without factoring in the days that the planet Mars was within 30 degrees of the lunar node,https://www.academia.edu/44117787/pp_803_and_804_of_Chapter_52_of_Ares_Le_Mandat_6th_ed_year_by_year_comparison_going_back_to_1897_between_the_annual_Dow_Jones_returns_vs_annual_Dow_Jones_returns_that_leave_out_the_days_that_the_planet_Mars_was_within_30_degrees_of_the_lunar_node,2020-09-19 12:13:13
1600495625,Wanted: Share Buybacks,https://www.reddit.com/r/wallstreetbets/comments/ivn2us/wanted_share_buybacks/,2020-09-19 06:07:05
1600472940,"Daily Market and Options Summary for September 18th, 2020",https://www.reddit.com/r/wallstreetbets/comments/ivhham/daily_market_and_options_summary_for_september/,2020-09-18 23:49:00
1600472621,"Market and Options Summary for September 18, 2020 -",https://www.reddit.com/r/wallstreetbets/comments/ivhe26/market_and_options_summary_for_september_18_2020/,2020-09-18 23:43:41
1600381271,"Daily Market and Options Summary for September 17th, 2020",https://www.reddit.com/r/wallstreetbets/comments/iuts0x/daily_market_and_options_summary_for_september/,2020-09-17 22:21:11
1599794254,DOW Jones Tomorrow,https://images.app.goo.gl/PWrTc3rSBUW6m2Cr5,2020-09-11 03:17:34
1599785745,DOW jones with another 400+ close in the making today,https://www.reddit.com/r/wallstreetbets/comments/iqgesh/dow_jones_with_another_400_close_in_the_making/,2020-09-11 00:55:45
1599772096,"Daily Market and Options Summary for September 10th, 2020",https://www.reddit.com/r/wallstreetbets/comments/iqcdah/daily_market_and_options_summary_for_september/,2020-09-10 21:08:16
1599771310,Extremely high volume - what does it mean?,https://www.reddit.com/r/wallstreetbets/comments/iqc464/extremely_high_volume_what_does_it_mean/,2020-09-10 20:55:10
1599695711,Daily Market and Options Summary for September 9th - 2020,https://www.reddit.com/r/wallstreetbets/comments/ips78f/daily_market_and_options_summary_for_september/,2020-09-09 23:55:11
1599604551,"Market and Options Summary for September 8th, 2020 -",https://www.reddit.com/r/wallstreetbets/comments/ip3sz6/market_and_options_summary_for_september_8th_2020/,2020-09-08 22:35:51
1599423659,Why S&amp;P500 or SPY will go up on Tuesday,https://www.reddit.com/r/wallstreetbets/comments/int6vd/why_sp500_or_spy_will_go_up_on_tuesday/,2020-09-06 20:20:59
1599318605,Turbulent Week for Dow Jones Stocks,https://v.redd.it/jzcpm07lhcl51,2020-09-05 15:10:05
1599317267,How can the nasdaq be worth more that it was before covid?,https://www.reddit.com/r/wallstreetbets/comments/in2brg/how_can_the_nasdaq_be_worth_more_that_it_was/,2020-09-05 14:47:47
1599316185,I'm new to investing and have a question. How can the nasdaq be valued at above its Feb value? And the Dow Jones is around the same as it was then too.,https://www.reddit.com/r/wallstreetbets/comments/in2144/im_new_to_investing_and_have_a_question_how_can/,2020-09-05 14:29:45
1599258394,S&amp;P Dow Jones index are a bunch of soy boy beta cucks. How the fuck do they let in Etsy and not Tesla?,https://i.redd.it/c9u5n2wri7l51.jpg,2020-09-04 22:26:34
1599252380,"Daily Market and Options Summary for September 4th, 2020 -",https://www.reddit.com/r/wallstreetbets/comments/imnymg/daily_market_and_options_summary_for_september/,2020-09-04 20:46:20
1599084348,Donnie Pumps is using emojis now:,https://www.reddit.com/r/wallstreetbets/comments/ilgpnt/donnie_pumps_is_using_emojis_now/,2020-09-02 22:05:48
1599083765,"Donnie Pumps on Twitter: ‚ÄúThe Dow Jones Industrial just closed above 29,000! You are so lucky to have me as your PresidentüòâWith Joe Hiden‚Äô it would crashüòß‚Äù",https://www.reddit.com/r/wallstreetbets/comments/ilgjcc/donnie_pumps_on_twitter_the_dow_jones_industrial/,2020-09-02 21:56:05
1599083628,"Donnie Pumps On Twitter: ‚ÄúThe Dow Jones Industrial just closed above 29,000! You are so lucky to have me as your PresidentüòâWith Joe Hiden‚Äô it would crashüòß‚Äù",https://www.reddit.com/r/wallstreetbets/comments/ilghvj/donnie_pumps_on_twitter_the_dow_jones_industrial/,2020-09-02 21:53:48
1599069914,Salesforce is the ultimate stock to own during the tech bubble,https://www.reddit.com/r/wallstreetbets/comments/ilbyx7/salesforce_is_the_ultimate_stock_to_own_during/,2020-09-02 18:05:14
1599027156,"The pros are getting ready for a market crash ‚Äî retail investors, not so much, top economist warns",https://www.reddit.com/r/wallstreetbets/comments/il1hjq/the_pros_are_getting_ready_for_a_market_crash/,2020-09-02 06:12:36
1598955025,Why is the Dow Jones diverging significantly from the SPX?,https://www.reddit.com/r/wallstreetbets/comments/ikhmh7/why_is_the_dow_jones_diverging_significantly_from/,2020-09-01 10:10:25
1598910275,Market and Options Summary for August 31st -,https://www.reddit.com/r/wallstreetbets/comments/ik7bz6/market_and_options_summary_for_august_31st/,2020-08-31 21:44:35
1598650210,Daily Market and Options Summary for Aug-28-2020,https://www.reddit.com/r/wallstreetbets/comments/iifzr6/daily_market_and_options_summary_for_aug282020/,2020-08-28 21:30:10
1598304699,"SalesForce, Amgen and Honeywell tk John the Dow Jones Industrial Aceragr Effective Monday August 31st.",https://www.reddit.com/r/wallstreetbets/comments/ifye4o/salesforce_amgen_and_honeywell_tk_john_the_dow/,2020-08-24 21:31:39
1598302296,Daily Market and Options Summary for Aug-24-2020,https://www.reddit.com/r/wallstreetbets/comments/ifxkix/daily_market_and_options_summary_for_aug242020/,2020-08-24 20:51:36
1598291854,"""Self Directed Autist Investors"" - Is this the top? Probably not.",https://www.reddit.com/r/wallstreetbets/comments/ifu2xx/self_directed_autist_investors_is_this_the_top/,2020-08-24 17:57:34
1598269856,ASTROLOGY: new phase starts for dow jones,https://www.reddit.com/r/wallstreetbets/comments/ifnhha/astrology_new_phase_starts_for_dow_jones/,2020-08-24 11:50:56
1598046570,Daily Market and Options Summary for Aug-21-2020,https://www.reddit.com/r/wallstreetbets/comments/ie6480/daily_market_and_options_summary_for_aug212020/,2020-08-21 21:49:30
1597800776,Daily Market and Options Summary for Aug-18-2020,https://www.reddit.com/r/wallstreetbets/comments/icecdo/daily_market_and_options_summary_for_aug182020/,2020-08-19 01:32:56
1597687973,If the Indexes Were a Family,https://www.reddit.com/r/wallstreetbets/comments/ibjhkn/if_the_indexes_were_a_family/,2020-08-17 18:12:53
1597598347,General Question on the three mayor indices--,https://www.reddit.com/r/wallstreetbets/comments/iaw9m3/general_question_on_the_three_mayor_indices/,2020-08-16 17:19:07
1597495790,Noob Question,https://www.reddit.com/r/wallstreetbets/comments/ia6s3w/noob_question/,2020-08-15 12:49:50
1597280406,"S&amp;P 500 rallies, closes just shy of its record closing high - a pandemic every year would be great!",https://www.reddit.com/r/wallstreetbets/comments/i8qabn/sp_500_rallies_closes_just_shy_of_its_record/,2020-08-13 01:00:06
1597147204,(PDF) A hypothesis that the Federal Reserve can set interest rates based on the movements of the planet Mars. Here I have data going back to 1896 that shows how the Dow Jones performed when Mars was within 30 degrees of the lunar node. (- from appendix of Ares Le Mandat 4th ed) | Anthony Moore,https://www.academia.edu/42243993/A_hypothesis_that_the_Federal_Reserve_can_set_interest_rates_based_on_the_movements_of_the_planet_Mars_Here_I_have_data_going_back_to_1896_that_shows_how_the_Dow_Jones_performed_when_Mars_was_within_30_degrees_of_the_lunar_node_from_appendix_of_Ares_Le_Mandat_4th_ed_,2020-08-11 12:00:04
1597138144,A hypothesis that the Federal Reserve can set interest rates based on the movements of the planet Mars. Here I have data going back to 1896 that shows how the Dow Jones performed when Mars was within 30 degrees of the lunar node.,https://www.reddit.com/r/wallstreetbets/comments/i7oopy/a_hypothesis_that_the_federal_reserve_can_set/,2020-08-11 09:29:04
1597069638,Data going back to 1896 that shows how the Dow Jones performed when Mars was within 30 degrees of the lunar node.,https://www.reddit.com/r/wallstreetbets/comments/i75spo/data_going_back_to_1896_that_shows_how_the_dow/,2020-08-10 14:27:18
1596889854,2020 results of applying the stock market prediction algorithm outlined in Chapter 25 &amp; 48 of Ares Le Mandat,https://www.reddit.com/r/wallstreetbets/comments/i5ybxk/2020_results_of_applying_the_stock_market/,2020-08-08 12:30:54
1596833488,Daily Market and Options Summary for Aug-07-2020,https://www.reddit.com/r/wallstreetbets/comments/i5lv2u/daily_market_and_options_summary_for_aug072020/,2020-08-07 20:51:28
1596803854,A hypothesis that the Federal Reserve can set interest rates based on the movements of the planet Mars,https://www.reddit.com/r/wallstreetbets/comments/i5d1a2/a_hypothesis_that_the_federal_reserve_can_set/,2020-08-07 12:37:34
1596761269,A hypothesis that the Federal Reserve can set interest rates based on the movements of the planet Mars. Here is data going back to 1896 that shows how the Dow Jones performed when Mars was within 30 degrees of the lunar node.,https://www.reddit.com/r/wallstreetbets/comments/i542al/a_hypothesis_that_the_federal_reserve_can_set/,2020-08-07 00:47:49
1596674650,2020 results of applying the stock market prediction algorithm outlined in Chapter 25 &amp; 48 of Ares Le Mandat,https://www.reddit.com/r/wallstreetbets/comments/i4hods/2020_results_of_applying_the_stock_market/,2020-08-06 00:44:10
1596661627,Daily Market and Options Summary for Aug-05-2020,https://www.reddit.com/r/wallstreetbets/comments/i4dvwy/daily_market_and_options_summary_for_aug052020/,2020-08-05 21:07:07
1596642956,Historical data - Need help [cross post from r/stocks],https://www.reddit.com/r/wallstreetbets/comments/i47vz4/historical_data_need_help_cross_post_from_rstocks/,2020-08-05 15:55:56
1596543914,A hypothesis that the Federal Reserve can set interest rates based on the movements of the planet Mars. Here I have data going back to 1896 that shows how the Dow Jones performed when Mars was within 30 degrees of the lunar node.,https://zenodo.org/record/3711110#.XylTbChKjIU,2020-08-04 12:25:14
1596463675,A hypothesis that the Federal Reserve can set interest rates based on the movements of the planet Mars. Here Is data going back to 1896 that shows how the Dow Jones performed when Mars was within 30 degrees of the lunar node.,https://www.reddit.com/r/wallstreetbets/comments/i2xnnr/a_hypothesis_that_the_federal_reserve_can_set/,2020-08-03 14:07:55
1596117370,"Here‚Äôs some morning coffee,",https://www.reddit.com/r/wallstreetbets/comments/i0mgsn/heres_some_morning_coffee/,2020-07-30 13:56:10
1596071211,A hypothesis that the Federal Reserve can set interest rates based on the movements of the planet Mars with data going back to 1896 that shows how the Dow Jones performed when Mars was within 30 degrees of the lunar node.,https://www.reddit.com/r/wallstreetbets/comments/i0cr5y/a_hypothesis_that_the_federal_reserve_can_set/,2020-07-30 01:06:51
1595854841,A hypothesis that the Federal Reserve can set interest rates based on the movements of the planet Mars.,https://www.reddit.com/r/wallstreetbets/comments/hyrtdt/a_hypothesis_that_the_federal_reserve_can_set/,2020-07-27 13:00:41
1595019166,Goldman Sachs,https://www.reddit.com/r/wallstreetbets/comments/ht3ocx/goldman_sachs/,2020-07-17 20:52:46
1594822094,Your morning coffee,https://www.reddit.com/r/wallstreetbets/comments/hro7i6/your_morning_coffee/,2020-07-15 14:08:14
1594303138,Here‚Äôs your morning coffee!,https://www.reddit.com/r/wallstreetbets/comments/ho3jb1/heres_your_morning_coffee/,2020-07-09 13:58:58
1594128858,Who wants some morning coffee?,https://www.reddit.com/r/wallstreetbets/comments/hmumgt/who_wants_some_morning_coffee/,2020-07-07 13:34:18
1594020168,Dow Jones crosses 200 day MA,https://www.reddit.com/r/wallstreetbets/comments/hm331o/dow_jones_crosses_200_day_ma/,2020-07-06 07:22:48
1593514546,Why bad economic data is unironically bullish,https://www.reddit.com/r/wallstreetbets/comments/hil4qj/why_bad_economic_data_is_unironically_bullish/,2020-06-30 10:55:46
1593503521,Dow Jones started the week with an increase of 580 points,http://www.economo.co.uk/dow-jones-started-the-week-with-an-increase-of-580-points/,2020-06-30 07:52:01
1593197600,Start of another crash?,https://www.reddit.com/r/wallstreetbets/comments/hgdjac/start_of_another_crash/,2020-06-26 18:53:20
1592589522,Dow Jones futures giving us an unhappy week ending,https://i.redd.it/7v8klymsow551.jpg,2020-06-19 17:58:42
1592189593,How did a teenager get 700k in leverage from Robinhood?,https://www.reddit.com/r/wallstreetbets/comments/h97l9z/how_did_a_teenager_get_700k_in_leverage_from/,2020-06-15 02:53:13
1591952867,Asia &amp; Europe Shrugs Off NA 2nd Wave Panic Selling,https://www.reddit.com/r/wallstreetbets/comments/h7hakd/asia_europe_shrugs_off_na_2nd_wave_panic_selling/,2020-06-12 09:07:47
1591924152,Interactive chart for DJIA 1929-1932. Looks like April 1930 all over again....,https://www.reddit.com/r/wallstreetbets/comments/h7ay00/interactive_chart_for_djia_19291932_looks_like/,2020-06-12 01:09:12
1591460166,"Wall Street Week Ahead for the trading week beginning June 8th, 2020",https://www.reddit.com/r/wallstreetbets/comments/gxttxj/wall_street_week_ahead_for_the_trading_week/,2020-06-06 16:16:06
1591289424,I am pushing the Dow Jones to new highs,https://www.reddit.com/r/wallstreetbets/comments/gwl6r6/i_am_pushing_the_dow_jones_to_new_highs/,2020-06-04 16:50:24
1591278855,You guys all look at the wrong index (S&amp;P 500 vs Dow Jones),https://www.reddit.com/r/wallstreetbets/comments/gwhv9h/you_guys_all_look_at_the_wrong_index_sp_500_vs/,2020-06-04 13:54:15
1591200605,A hypothesis that the Federal Reserve can set interest rates based on the movements of the planet Mars. Here I have data going back to 1896 that shows how the Dow Jones performed when Mars was within 30 degrees of the lunar node. (- from appendix of Ares Le Mandat 4th ed),https://www.reddit.com/r/wallstreetbets/comments/gvwsf6/a_hypothesis_that_the_federal_reserve_can_set/,2020-06-03 16:10:05
1591143272,Get Dow Jones Up!,https://v.redd.it/vfaabvmb8l251,2020-06-03 00:14:32
1591032790,The GAP DD,https://www.reddit.com/r/wallstreetbets/comments/guox0r/the_gap_dd/,2020-06-01 17:33:10
1590884857,Thoughts on NWSA?,https://www.reddit.com/r/wallstreetbets/comments/gtp88y/thoughts_on_nwsa/,2020-05-31 00:27:37
1590582939,Dow Jones today vs. Dow Jones in 1929 Great Depression,https://i.redd.it/ryb1mmy6ya151.jpg,2020-05-27 12:35:39
1590245618,"Wall Street Week Ahead for the trading week beginning May 25th, 2020",https://www.reddit.com/r/wallstreetbets/comments/gp688k/wall_street_week_ahead_for_the_trading_week/,2020-05-23 14:53:38
1590218775,"Finally I earned my gain, with High leverage Dow jones scalping.",https://www.reddit.com/r/wallstreetbets/comments/gp0t5b/finally_i_earned_my_gain_with_high_leverage_dow/,2020-05-23 07:26:15
1590151280,Previous Presidents and the Dow Jones performance. Will Trump touch paths with Clinton or Hoover?,https://i.redd.it/hffzzpjm9b051.png,2020-05-22 12:41:20
1589756659,Dow Jones micro predictions,http://www.thedowcast.com/astrology-chart-referencing-for-dow-jones.html,2020-05-17 23:04:19
1589733056,"The Normie Playbook: Dollars, Straw, and a Crisis",https://www.reddit.com/r/wallstreetbets/comments/glidmx/the_normie_playbook_dollars_straw_and_a_crisis/,2020-05-17 16:30:56
1589557490,DD: Dow Jones literally showing us the middle finger,https://i.redd.it/gv7x05zy8yy41.jpg,2020-05-15 15:44:50
1589476252,Summary of Ray Dalio‚Äôs ‚ÄúTemplate for Understanding Big Debt Crises‚Äù between 1928-1937 with a comparison of 2020,https://www.reddit.com/r/wallstreetbets/comments/gjqhnl/summary_of_ray_dalios_template_for_understanding/,2020-05-14 17:10:52
1589168853,Stock Market Bot,https://www.reddit.com/r/wallstreetbets/comments/ghg5qu/stock_market_bot/,2020-05-11 03:47:33
1589096690,Dow Jones Only Goes Up,https://v.redd.it/rqtaqi3z5wx41,2020-05-10 07:44:50
1589054760,"Wall Street Week Ahead for the trading week beginning May 11th, 2020",https://www.reddit.com/r/wallstreetbets/comments/ggmle1/wall_street_week_ahead_for_the_trading_week/,2020-05-09 20:06:00
1589002160,The new age of Monetary Policy: an in-depth analysis of Federal Reserve Policy in the 2008 and 2020 financial crises,https://www.reddit.com/r/wallstreetbets/comments/gg9lag/the_new_age_of_monetary_policy_an_indepth/,2020-05-09 05:29:20
1588967053,A few thoughts as to where we are in this crazy world.,https://www.reddit.com/r/wallstreetbets/comments/gg03or/a_few_thoughts_as_to_where_we_are_in_this_crazy/,2020-05-08 19:44:13
1588800987,You are living in the greatest con of all time. An explanation of how this market is rigged and tied to Corona,https://www.reddit.com/r/wallstreetbets/comments/get5pu/you_are_living_in_the_greatest_con_of_all_time_an/,2020-05-06 21:36:27
1588793741,"Dow Jones, Data, Due Diligence and Autist Bucks. (QBTC-U.TO)",https://v.redd.it/i412m4gm57x41,2020-05-06 19:35:41
1588733080,(SOUND ON) JPOW Hits the Streets to Get THE DOW JONES UP!,https://v.redd.it/7d708pee52x41,2020-05-06 02:44:40
1588730167,Be prepared for sensational news.,https://www.reddit.com/r/wallstreetbets/comments/geb2lz/be_prepared_for_sensational_news/,2020-05-06 01:56:07
1588286658,Hello,https://www.reddit.com/r/wallstreetbets/comments/gb647v/hello/,2020-04-30 22:44:18
1588283916,Is Wall Street Scizo?? (Serious),https://www.reddit.com/r/wallstreetbets/comments/gb59h8/is_wall_street_scizo_serious/,2020-04-30 21:58:36
1588235650,Past Thursday Unemployment Pumps on one detailed MS Paint Drawing,https://www.reddit.com/r/wallstreetbets/comments/garvud/past_thursday_unemployment_pumps_on_one_detailed/,2020-04-30 08:34:10
1588094979,Musk: winning,https://www.reddit.com/r/wallstreetbets/comments/g9rj4d/musk_winning/,2020-04-28 17:29:39
1588011189,How is the Fed fucking my puts? Read in Vinnie's voice.,https://www.reddit.com/r/wallstreetbets/comments/g96289/how_is_the_fed_fucking_my_puts_read_in_vinnies/,2020-04-27 18:13:09
1587862619,"Start of the discent this week? In the 4th week of April 1930 the Dow Jones started its next wave much lower. I'm just pointing out history, not forecasting with history. Know the difference, but keep things in mind... How are you playing the week?",https://i.redd.it/c5huml7a92v41.png,2020-04-26 00:56:59
1587857056,I had a dream where a mystery voice told me to go long on $SPY Puts.,https://www.reddit.com/r/wallstreetbets/comments/g83mqi/i_had_a_dream_where_a_mystery_voice_told_me_to_go/,2020-04-25 23:24:16
1587823275,"Wall Street Week Ahead for the trading week beginning April 27th, 2020",https://www.reddit.com/r/wallstreetbets/comments/g7tz2d/wall_street_week_ahead_for_the_trading_week/,2020-04-25 14:01:15
1587820382,A hypothesis that the Federal Reserve can set interest rates based on the movements of the planet Mars. Here I have data going back to 1896 that shows how the Dow Jones performed when Mars was within 30 degrees of the lunar node. (- from appendix of Ares Le Mandat 4th ed),https://figshare.com/articles/A_hypothesis_that_the_Federal_Reserve_can_set_interest_rates_based_on_the_movements_of_the_planet_Mars_Here_I_have_data_going_back_to_1896_that_shows_how_the_Dow_Jones_performed_when_Mars_was_within_30_degrees_of_the_lunar_node_/11985924,2020-04-25 13:13:02
1587779085,"Breaking News: The Dow Jones Industrial Average gained 260 points as investors felt confident that the ""disinfectant"" cure proposed by President Trump will make a huge breakthrough to overcome the COVID-19 crisis",https://www.reddit.com/r/wallstreetbets/comments/g7l6ib/breaking_news_the_dow_jones_industrial_average/,2020-04-25 01:44:45
1587762949,"Breaking News: The Dow Jones gained 260 points on Friday as investors felt confident that ""disinfectant"" cure proposed by Donald Trump will make a huge scientific breakthrough during the COVID-19 crisis",https://i.redd.it/741kxufs0uu41.jpg,2020-04-24 21:15:49
1587567568,Dow jones &amp; resistance,https://www.reddit.com/r/wallstreetbets/comments/g62mc0/dow_jones_resistance/,2020-04-22 14:59:28
1587551994,SAME PATTERN IS HAPPENING FROM 1929 and 2008! COINCIDENCE?,https://www.reddit.com/r/wallstreetbets/comments/g5yuk6/same_pattern_is_happening_from_1929_and_2008/,2020-04-22 10:39:54
1587299530,What do you think DOW JONES will be around by the last day of this year?,https://www.reddit.com/r/wallstreetbets/comments/g46x4h/what_do_you_think_dow_jones_will_be_around_by_the/,2020-04-19 12:32:10
1587177974,This Weeks News &amp; Current Events,https://www.reddit.com/r/wallstreetbets/comments/g3g4ae/this_weeks_news_current_events/,2020-04-18 02:46:14
1586960986,[R] A hypothesis that the Federal Reserve can set interest rates based on the movements of the planet Mars. Here I have data going back to 1896 that shows how the Dow Jones performed when Mars was within 30 degrees of the lunar node. (- from appendix of Ares Le Mandat 4th ed),/r/StockMarket/comments/g1qo73/r_a_hypothesis_that_the_federal_reserve_can_set/,2020-04-15 14:29:46
1586896059,Dow Jones Diamond ETF,https://www.reddit.com/r/wallstreetbets/comments/g1d7ol/dow_jones_diamond_etf/,2020-04-14 20:27:39
1586889403,Virgin Galactic Stock Soars Because Covid-19 Can‚Äôt Hurt Companies With No Sales,https://www.reddit.com/r/wallstreetbets/comments/g1b49x/virgin_galactic_stock_soars_because_covid19_cant/,2020-04-14 18:36:43
1586801762,SEC Steps in to Help Private Equity BDCs,https://www.reddit.com/r/wallstreetbets/comments/g0oeze/sec_steps_in_to_help_private_equity_bdcs/,2020-04-13 18:16:02
1586621102,A hypothesis that the Federal Reserve can set interest rates based on the movements of the planet Mars. Here I have data going back to 1896 that shows how the Dow Jones performed when Mars was within 30 degrees of the lunar node. (- from appendix of Ares Le Mandat 4th ed),https://www.reddit.com/r/wallstreetbets/comments/fz8b9k/a_hypothesis_that_the_federal_reserve_can_set/,2020-04-11 16:05:02
1586533838,SPY ETF Reschedules Quarterly Rebalancing from April 17 to June,https://www.reddit.com/r/wallstreetbets/comments/fyicgy/spy_etf_reschedules_quarterly_rebalancing_from/,2020-04-10 15:50:38
1586525299,June 19th Rebalancing (SPY + other ETFs),https://www.reddit.com/r/wallstreetbets/comments/fyfuam/june_19th_rebalancing_spy_other_etfs/,2020-04-10 13:28:19
1586436428,"Today's Pre-Market Movers &amp; News [Thursday, April 9th, 2020]",https://www.reddit.com/r/wallstreetbets/comments/fxrsyc/todays_premarket_movers_news_thursday_april_9th/,2020-04-09 12:47:08
1586368451,Dow Jones CEO Will Lewis to step down: FT,https://apple.news/AgKkwbitzRFyIVQw6zxDqNA,2020-04-08 17:54:11
1586262995,"Today's Pre-Market Movers &amp; News [Tuesday, April 7th, 2020]",https://www.reddit.com/r/wallstreetbets/comments/fwjrio/todays_premarket_movers_news_tuesday_april_7th/,2020-04-07 12:36:35
1586139945,Bear confirmation bias,https://www.reddit.com/r/wallstreetbets/comments/fvqgbt/bear_confirmation_bias/,2020-04-06 02:25:45
1585896061,Edward Kholodenko framed OJ,https://www.reddit.com/r/wallstreetbets/comments/fu3e4y/edward_kholodenko_framed_oj/,2020-04-03 06:41:01
1585830502,"Today's Pre-Market Movers &amp; News [Thursday, April 2nd, 2020]",https://www.reddit.com/r/wallstreetbets/comments/ftlh89/todays_premarket_movers_news_thursday_april_2nd/,2020-04-02 12:28:22
1585743614,"Today's Pre-Market Movers &amp; News [Wednesday, April 1st, 2020]",https://www.reddit.com/r/wallstreetbets/comments/fsypwh/todays_premarket_movers_news_wednesday_april_1st/,2020-04-01 12:20:14
1585711563,Any Limit to Unlimited?,https://www.reddit.com/r/wallstreetbets/comments/fsrpk4/any_limit_to_unlimited/,2020-04-01 03:26:03
1585658025,"Today's Pre-Market Movers &amp; News [Tuesday, March 31st, 2020]",https://www.reddit.com/r/wallstreetbets/comments/fsc44p/todays_premarket_movers_news_tuesday_march_31st/,2020-03-31 12:33:45
1585657879,"Today's Pre-Market Movers &amp; News [Tuesday, March 31st, 2020]",https://www.reddit.com/r/wallstreetbets/comments/fsc2yj/todays_premarket_movers_news_tuesday_march_31st/,2020-03-31 12:31:19
1585600479,Dow Jones Predictions for the week,https://www.reddit.com/r/wallstreetbets/comments/fryox6/dow_jones_predictions_for_the_week/,2020-03-30 20:34:39
1585571292,"Today's Pre-Market Movers &amp; News [Monday, March 30th, 2020]",https://www.reddit.com/r/wallstreetbets/comments/frpvsu/todays_premarket_movers_news_monday_march_30th/,2020-03-30 12:28:12
1585449124,Can I call on DAX:Dow Jones ratio?,https://www.reddit.com/r/wallstreetbets/comments/fqy52o/can_i_call_on_daxdow_jones_ratio/,2020-03-29 02:32:04
1585406385,"Wall Street Week Ahead for the trading week beginning March 30th, 2020",https://www.reddit.com/r/wallstreetbets/comments/fqldcx/wall_street_week_ahead_for_the_trading_week/,2020-03-28 14:39:45
1585379037,Powell doesn't need to save the economy to stop your puts from printing,https://www.reddit.com/r/wallstreetbets/comments/fqfaek/powell_doesnt_need_to_save_the_economy_to_stop/,2020-03-28 07:03:57
1585369549,Why SPY and not DIA?,https://www.reddit.com/r/wallstreetbets/comments/fqd9nm/why_spy_and_not_dia/,2020-03-28 04:25:49
1585313015,"Today's Pre-Market Movers &amp; News [Friday, March 27th, 2020]",https://www.reddit.com/r/wallstreetbets/comments/fpwadk/todays_premarket_movers_news_friday_march_27th/,2020-03-27 12:43:35
1585251864,Yo who tf is this ‚ÄúDow Jones‚Äù guy anyway?,https://www.reddit.com/r/wallstreetbets/comments/fpi6lj/yo_who_tf_is_this_dow_jones_guy_anyway/,2020-03-26 19:44:24
1585158979,The Dow Jones is 2.5% away from starting a new bull market.,https://www.reddit.com/r/wallstreetbets/comments/fouths/the_dow_jones_is_25_away_from_starting_a_new_bull/,2020-03-25 17:56:19
1585138731,"Today's Stock Market News [Wednesday, March 25th, 2020]",https://www.reddit.com/r/wallstreetbets/comments/fopbri/todays_stock_market_news_wednesday_march_25th_2020/,2020-03-25 12:18:51
1585086446,"DEJA VU on Monday, Oct.13, 2008 ---&gt; Dow Jones +++ 11.08% +++",https://www.reddit.com/r/wallstreetbets/comments/fodxwx/deja_vu_on_monday_oct13_2008_dow_jones_1108/,2020-03-24 21:47:26
1585059617,Bippity BOPPITY give me the zoppity!,https://www.reddit.com/r/wallstreetbets/comments/fo5vm5/bippity_boppity_give_me_the_zoppity/,2020-03-24 14:20:17
1584971023,"Trade responsibly,",https://www.reddit.com/r/wallstreetbets/comments/fnk6js/trade_responsibly/,2020-03-23 13:43:43
1584950693,Dow Jones Set for a Disastrous Week as Coronavirus Relief Package Hits Roadblock,https://bitcoinethereumnews.com/economy/dow-jones-set-for-a-disastrous-week-as-coronavirus-relief-package-hits-roadblock-economy-news/,2020-03-23 08:04:53
1584919144,"[OC] ""Coronavirus"" Google Trends vs. Dow Jones",https://i.redd.it/sz1dyg9o4bo41.png,2020-03-22 23:19:04
1584861969,[TINFOIL - Was This A Long-Played Attacked w/ Unexpected Pandemic Assistance?] Was going through old posts and found where I fucked up and posted on r/investing... never got a real answer - re-posting here for professional &amp; expert feedback.,https://www.reddit.com/r/wallstreetbets/comments/fmw146/tinfoil_was_this_a_longplayed_attacked_w/,2020-03-22 07:26:09
1584847120,Puts on SPY (Graphs and shit),https://www.reddit.com/r/wallstreetbets/comments/fmsyun/puts_on_spy_graphs_and_shit/,2020-03-22 03:18:40
1584805216,"Wall Street Week Ahead for the trading week beginning March 23rd, 2020",https://www.reddit.com/r/wallstreetbets/comments/fmguae/wall_street_week_ahead_for_the_trading_week/,2020-03-21 15:40:16
1584794335,F for the Dow Jones,https://v.redd.it/a2mll4i8omn41,2020-03-21 12:38:55
1584769602,Inflation Incoming,https://www.reddit.com/r/wallstreetbets/comments/fma9e3/inflation_incoming/,2020-03-21 05:46:42
1584747549,"Dow Jones Target Price: 17,400 - the price just as Trump Got Elected - We can do it. Collapse the economy COVID-19!",http://i2.cdn.turner.com/money/dam/assets/161109122845-election-night-freakout-stocks-780x439.jpg,2020-03-20 23:39:09
1584743819,3 Reasons Dow Jones' Sudden Recovery Stinks of a Dead Cat Bounce: 1) The Dow Jones rising from stimulus is not positive; 2) Record high outflows from investment firms; 3) Coronavirus is showing no signs of slowing down,https://www.ccn.com/3-reasons-dow-jones-500-point-jump-stinks-of-a-dead-cat-bounce/,2020-03-20 22:36:59
1584711705,"Trade responsibly,",https://www.reddit.com/r/wallstreetbets/comments/flv7xb/trade_responsibly/,2020-03-20 13:41:45
1584641216,F for the Dow Jones,https://v.redd.it/a2mll4i8omn41,2020-03-19 18:06:56
1584625669,"Good luck today,",https://www.reddit.com/r/wallstreetbets/comments/flaaks/good_luck_today/,2020-03-19 13:47:49
1584554986,Dow Jones just broke 20k!!,https://www.reddit.com/r/wallstreetbets/comments/fku4d9/dow_jones_just_broke_20k/,2020-03-18 18:09:46
1584551234,"Trading temporarily halted as markets plummet; Dow Jones has dropped from record high of 29,551 to 19,576 now, erasing one-third of its value.",https://abcnews.go.com/Business/futures-dow-opening-plunge-800-points/story?id=69661006,2020-03-18 17:07:14
1584546319,Why is Dow Jones fallling?,https://www.reddit.com/r/wallstreetbets/comments/fkrll9/why_is_dow_jones_fallling/,2020-03-18 15:45:19
1584458687,Leveraged ETF broken?,https://www.reddit.com/r/wallstreetbets/comments/fk735t/leveraged_etf_broken/,2020-03-17 15:24:47
1584409093,DOW Jones jumps +#### Bears:,https://v.redd.it/yvkvjvbhz4n41,2020-03-17 01:38:13
1584388004,"Dow jones has to go lower than 18.000. This is just the start of all shit happening. I cant see how its gonna flatout/acend anytime soon. Corona penetrates the company i owns ass, deep.",https://www.reddit.com/r/wallstreetbets/comments/fjr39k/dow_jones_has_to_go_lower_than_18000_this_is_just/,2020-03-16 19:46:44
1584354553,Time To Straddle,https://www.reddit.com/r/wallstreetbets/comments/fjiuol/time_to_straddle/,2020-03-16 10:29:13
1584320155,No Fed meeting this week! It's going to be a while ride to SPY 200!,https://www.reddit.com/r/wallstreetbets/comments/fjc5u3/no_fed_meeting_this_week_its_going_to_be_a_while/,2020-03-16 00:55:55
1584202541,"Wall Street Week Ahead for the trading week beginning March 16th, 2020",https://www.reddit.com/r/wallstreetbets/comments/fiksw6/wall_street_week_ahead_for_the_trading_week/,2020-03-14 16:15:41
1584070697,Perspective,https://www.reddit.com/r/wallstreetbets/comments/fhtfaq/perspective/,2020-03-13 03:38:17
1584052548,Table of Dow Jones closes for the crashes of 1929/1987/2020,https://www.reddit.com/r/wallstreetbets/comments/fhp33c/table_of_dow_jones_closes_for_the_crashes_of/,2020-03-12 22:35:48
1584044360,"Dow Jones Futures are predicted to be down -2,400+ tomorrow.",https://www.reddit.com/r/wallstreetbets/comments/fhmtz4/dow_jones_futures_are_predicted_to_be_down_2400/,2020-03-12 20:19:20
1584035434,Largest one-day point losses of the Dow Jones Index from 1897 to March 2020 [GRAPH],https://www.reddit.com/r/wallstreetbets/comments/fhkdxn/largest_oneday_point_losses_of_the_dow_jones/,2020-03-12 17:50:34
1584025406,Wallstreetbets' All-Star Anthem,https://www.reddit.com/r/wallstreetbets/comments/fhhoxc/wallstreetbets_allstar_anthem/,2020-03-12 15:03:26
1583980995,Dow Jones movie,https://www.reddit.com/r/wallstreetbets/comments/fh9f6l/dow_jones_movie/,2020-03-12 02:43:15
1583973572,Has Dow=Jones Index Broken A Key Support Trend?,https://www.reddit.com/r/wallstreetbets/comments/fh7new/has_dowjones_index_broken_a_key_support_trend/,2020-03-12 00:39:32
1583963161,That Dow Jones feels,https://i.redd.it/i550wmu664m41.jpg,2020-03-11 21:46:01
1583957539,Dow Jones Industrial Average‚Äôs 11-Year Bull Run Ends,https://www.wsj.com/articles/global-markets-calmer-after-two-hectic-days-11583899913,2020-03-11 20:12:19
1583883563,Dow Jones hit a huge and tremendous once in a lifetime milestone today!,https://twitter.com/realdonaldtrump/status/1090729920760893441?lang=en,2020-03-10 23:39:23
1583881501,It's me - the CEO of the Dow Jones,https://www.reddit.com/r/wallstreetbets/comments/fgn09c/its_me_the_ceo_of_the_dow_jones/,2020-03-10 23:05:01
1583804936,Prediction: Dow Jones will be renamed Down Jones by end of 2020,https://www.reddit.com/r/wallstreetbets/comments/fg6642/prediction_dow_jones_will_be_renamed_down_jones/,2020-03-10 01:48:56
1583762453,The Dow Jones just hit a ‚Äúcircuit breaker‚Äú when we dropped 7%. Trading halts for 15 minutes. This is to prevent too quick of a selloff. It was instituted in 1987 after the largest percentage drop in stock history. If it gets worse today they might close the stock market for the rest of the day.,https://i.redd.it/w90w1dsdlnl41.jpg,2020-03-09 14:00:53
1583588782,"Wall Street Week Ahead for the trading week beginning March 9th, 2020",https://www.reddit.com/r/wallstreetbets/comments/fevbei/wall_street_week_ahead_for_the_trading_week/,2020-03-07 13:46:22
1583443532,"Let's show bloomberg our potential to manipulate the market. Let's pump Dow Jones by 420,69 points tomorrow, 6 march.",https://www.reddit.com/r/wallstreetbets/comments/fe2ema/lets_show_bloomberg_our_potential_to_manipulate/,2020-03-05 21:25:32
1583269185,Why the rate cuts won‚Äôt stop the beer virus bears,https://www.reddit.com/r/wallstreetbets/comments/fd1eo9/why_the_rate_cuts_wont_stop_the_beer_virus_bears/,2020-03-03 20:59:45
1582955699,"Hey guys, üåàüêª here with a quick question...",https://www.reddit.com/r/wallstreetbets/comments/fb88zo/hey_guys_here_with_a_quick_question/,2020-02-29 05:54:59
1582908917,Annual Dow 25k Block Party Thread üéâ,https://www.reddit.com/r/wallstreetbets/comments/faxomy/annual_dow_25k_block_party_thread/,2020-02-28 16:55:17
1582900758,"All you autists are pushing rookie losses at 80-90%, you need to get on the DOW JONES level",https://i.redd.it/mi32del4foj41.jpg,2020-02-28 14:39:18
1582865912,Manipulating Markets,https://www.reddit.com/r/wallstreetbets/comments/fapgss/manipulating_markets/,2020-02-28 04:58:32
1582856966,Dow Jones getting higher and higher from Australia. BUY BUY BUY!,https://i.imgur.com/r845JN7.jpg,2020-02-28 02:29:26
1582853077,A vigil for Dow Jones,https://www.reddit.com/r/wallstreetbets/comments/fampbo/a_vigil_for_dow_jones/,2020-02-28 01:24:37
1582845757,Dow Jones Drops More Points Than Any Day In History,https://www.reddit.com/r/wallstreetbets/comments/fal0q3/dow_jones_drops_more_points_than_any_day_in/,2020-02-27 23:22:37
1582840409,Since bets in the market are shit anyone wanna take bets on how far this big boy is gonna fall?,https://www.reddit.com/r/wallstreetbets/comments/fajox0/since_bets_in_the_market_are_shit_anyone_wanna/,2020-02-27 21:53:29
1582826365,For anyone wondering why dow Jones is climbing back up,https://www.reddit.com/r/wallstreetbets/comments/fag0e0/for_anyone_wondering_why_dow_jones_is_climbing/,2020-02-27 17:59:25
1582820605,DOW JONES is looking like a penny stock today with all this volatility,https://www.reddit.com/r/wallstreetbets/comments/faejlr/dow_jones_is_looking_like_a_penny_stock_today/,2020-02-27 16:23:25
1582697388,BYND and SBUX sign deal,https://www.reddit.com/r/wallstreetbets/comments/f9ouf5/bynd_and_sbux_sign_deal/,2020-02-26 06:09:48
1582554228,Hope for Tuesday?,https://www.reddit.com/r/wallstreetbets/comments/f8rwr9/hope_for_tuesday/,2020-02-24 14:23:48
1582387508,"listen up üåàüêª, stocks literally ONLY GO üÜô",https://www.reddit.com/r/wallstreetbets/comments/f7ufzt/listen_up_stocks_literally_only_go/,2020-02-22 16:05:08
1582201806,Morgan Stanley reportedly to buy E-Trade for $13 billion,https://www.reddit.com/r/wallstreetbets/comments/f6sdtu/morgan_stanley_reportedly_to_buy_etrade_for_13/,2020-02-20 12:30:06
1580516350,"Barron's from 2 weeks ago: The Dow Could Hit 30,000 Five Years Ahead of Schedule. It Won‚Äôt Stop There.",https://www.reddit.com/r/wallstreetbets/comments/ewxq13/barrons_from_2_weeks_ago_the_dow_could_hit_30000/,2020-02-01 00:19:10
1580258831,Whipped up some Gay Bear panic DD for you all,https://www.reddit.com/r/wallstreetbets/comments/eveycu/whipped_up_some_gay_bear_panic_dd_for_you_all/,2020-01-29 00:47:11
1579900322,The year is 2023 The coronavirus has wiped out humankind ...,https://www.reddit.com/r/wallstreetbets/comments/etgp28/the_year_is_2023_the_coronavirus_has_wiped_out/,2020-01-24 21:12:02
1578755551,"Wall Street Week Ahead for the trading week beginning January 13th, 2020",https://www.reddit.com/r/wallstreetbets/comments/en8j9v/wall_street_week_ahead_for_the_trading_week/,2020-01-11 15:12:31
1577652874,"Statistics over the past 70 years hold true, next year is likely to produce healthy, if not stellar, gains.",https://www.reddit.com/r/wallstreetbets/comments/ehbd3n/statistics_over_the_past_70_years_hold_true_next/,2019-12-29 20:54:34
1576168677,NYSE:CCWOF halted trading this morning....,https://www.reddit.com/r/wallstreetbets/comments/e9px9g/nyseccwof_halted_trading_this_morning/,2019-12-12 16:37:57
1576047615,Who is Dow Jones,https://www.reddit.com/r/wallstreetbets/comments/e93p87/who_is_dow_jones/,2019-12-11 07:00:15
1575814378,What could impact the Dow Jones this week? https://marketrealist.com/2019/12/dow-jones-faces-several-litmus-tests-next-week/,https://www.reddit.com/r/wallstreetbets/comments/e7u4yl/what_could_impact_the_dow_jones_this_week/,2019-12-08 14:12:58
1575648152,WSB is putting money managers out of business,https://www.reddit.com/r/wallstreetbets/comments/e70m93/wsb_is_putting_money_managers_out_of_business/,2019-12-06 16:02:32
1575469684,A year back Trump called himself a Tariff Man. He still is! https://marketrealist.com/2019/12/dow-jones-needed-santa-got-tariff-man-instead/,https://www.reddit.com/r/wallstreetbets/comments/e5zzv9/a_year_back_trump_called_himself_a_tariff_man_he/,2019-12-04 14:28:04
1574526316,"Wall Street Week Ahead for the trading week beginning November 25th, 2019",https://www.reddit.com/r/wallstreetbets/comments/e0k1dt/wall_street_week_ahead_for_the_trading_week/,2019-11-23 16:25:16
1573504939,T-Mobile shares slide 3% as Dow Jones reports that CEO John Legere is in talks to become the new CEO of WeWork,https://www.reddit.com/r/wallstreetbets/comments/duymv5/tmobile_shares_slide_3_as_dow_jones_reports_that/,2019-11-11 20:42:19
1572048227,Mornin Breifin (10/25/2019),https://www.reddit.com/r/wallstreetbets/comments/dn65i2/mornin_breifin_10252019/,2019-10-26 00:03:47
1572009680,Morning Briefing (10/25/2019),https://www.reddit.com/r/wallstreetbets/comments/dmxdgj/morning_briefing_10252019/,2019-10-25 13:21:20
1571499157,"Wall Street Week Ahead for the trading week beginning October 21st, 2019",https://www.reddit.com/r/wallstreetbets/comments/dk59js/wall_street_week_ahead_for_the_trading_week/,2019-10-19 15:32:37
1571149052,Anyone playing WWR?,https://www.reddit.com/r/wallstreetbets/comments/di8ji0/anyone_playing_wwr/,2019-10-15 14:17:32
1571058591,Is it gay to jerk off to the Dow Jones?,https://www.reddit.com/r/wallstreetbets/comments/dhqchh/is_it_gay_to_jerk_off_to_the_dow_jones/,2019-10-14 13:09:51
1570993594,Fuck bears! That fly kick going to MOON Dow Jones on Monday. We Bull!,https://twitter.com/HighlandPaddyHK/status/1183285399424126976,2019-10-13 19:06:34
1570111515,Dow Jones Dropping Even Further,https://www.reddit.com/r/wallstreetbets/comments/dcrcxn/dow_jones_dropping_even_further/,2019-10-03 14:05:15
1570034136,"Prune your stocks, Activision Blizzard, Inc. (ATVI), Implied Volatility Index (VIX), SPDR Dow Jones Industrial Average ETF (DIA)",https://youtu.be/4-AhG5NBjtk,2019-10-02 16:35:36
1569534703,Lost 66k shorting the Dow Jones. Bought 202 puts worst decision i have ever made.,https://i.redd.it/ja1uo6sve0p31.png,2019-09-26 21:51:43
1568748222,Options market 9-17-19,https://www.reddit.com/r/wallstreetbets/comments/d5ltow/options_market_91719/,2019-09-17 19:23:42
1568064090,TD Ameritrade Investor Movement Index (IMX) - August 2019,https://www.reddit.com/r/wallstreetbets/comments/d1xbhk/td_ameritrade_investor_movement_index_imx_august/,2019-09-09 21:21:30
1567046570,Trump‚Äôs Tweets Cost Investors Over $500 Billion,https://www.reddit.com/r/wallstreetbets/comments/cwux3u/trumps_tweets_cost_investors_over_500_billion/,2019-08-29 02:42:50
1566925795,Afternoon Briefing (8/27/2019),https://www.reddit.com/r/wallstreetbets/comments/cw7dus/afternoon_briefing_8272019/,2019-08-27 17:09:55
1565767080,what in tarnations is this Dow Jones youtube account,https://www.reddit.com/r/wallstreetbets/comments/cq68m0/what_in_tarnations_is_this_dow_jones_youtube/,2019-08-14 07:18:00
1564803269,"What a cluster fuck this week has been,",https://www.reddit.com/r/wallstreetbets/comments/cle4nq/what_a_cluster_fuck_this_week_has_been/,2019-08-03 03:34:29
1564757814,"For the past year, the Dow Jones has been pretty flat",https://www.reddit.com/r/wallstreetbets/comments/cl56od/for_the_past_year_the_dow_jones_has_been_pretty/,2019-08-02 14:56:54
